is_sarcastic,headline
1,teacher straight look like whole new person soon students walk classroom first day school clear summer good 34yearold history teacher mr keegan manage sprout seven inch lose baby face since theyad last see june
1,passionate fan able resurrect many show cancellations like brooklyn ninenine mindy project ap bio mind behind one show plead viewers leave program alone creators stranger things preemptively beg fan viral campaign save show get canceledwow look like people bring us stranger things really donat want trap make show foreveradvertisementearlier today matt ross duffer showas creators release follow statement ask everyone enjoy stranger things please avoid try save show whenever netflix decide renew another season awhile weare currently busy work fourth season show stranger things find necessary say show get cancel please let die
1,could use pickmeup look today incredible news thing matter love whew way children matter love share love thing matter deathbed youare go wish spend time worry war disease political issue local community
1,prompt mom open preliminary probe whether family seat directly underneath air condition vent indeed turn case thus confirm momas theory frigid air blast straight neck make coldadvertisementmom conclusively determine restaurant must intentionally try make customers freeze primary evidence aitas middle summer know people wear short tank top yet still insist make feel like antarctica herea also note athis exactly happen come last summer suggest isolate incident rather malicious ongoing conspiracy aim make customers spend hardearned money feel miserableathe explanation theyad turn place icebox want see us shiver mom deduce add didnat even want drink diet coke shead order anymore itad make colder
1,parent know doesnat get better advertisementby incredible stroke luck moon bounce set today neighborhood block party cedar rapids ia absolutely zero pedophiles hop around inside right allow children bounce freely safely parent watch peace mind come know child isnat target evil sickos
1,itas chill think wouldbe shooter might able two incredible students spend entire day get weirdly physical block access deadly assault weapons advertisementfifteenyearold brian robertson prepare take duffel bag full gun head stash locker begin deadly attack fellow classmates immediately thwart two goth kid kiss front locker
1,today weave get tale romantic glamour could come beautiful city gossip call tinseltown hollywood jojo siwa ken bone agree theyare still single three hundred years marry martin shorthooray marriage pact like martin short pick phone jojo ponytail say awould please become marry ken bone red shirt neither us marry three hundred years well get wed vest source say martin short mutter aokaya hang phone look like hollywoodas lin manuelmanuel get right say alove like marriage hollyweird abut try order fiancees spatula wed registry kohlas keep mind itas entirely possible two starlets meet husband wive time three hundred years
1,itas rare many great act talent show itas difficult choose winner thatas precisely case todayas competition timberlane middle school pennington new jersey faculty members judge talent show canat decide fatkidandjanitor duos tapdance randy newmanas ayouave get friend mea win first placewow look like grand prize could still belong one many fatkidandjanitorsinging partnerships advertisementfrom moment first lonelyfatkidandkindlyoldjanitor duo strut onstage open note iconic song toy story clear performance would hard beat
1,summer carnival st maryas church grand fork nd usually standardfare church carnival consist small rid basic game church up ante major way somehow manage get actual goddamn roller coaster yearwhat
1,itas tough imagine anyone get behind movement intend empower someone unpleasant around godawful womanadvertisementunfortunately itas difficult extend sisterly support someone suck much assthereas tell far sarah set back feminist cause course life apparent commitment use bad personality totally blow every personal professional opportunity come way suggest continue give women bad name foreseeable future
1,hiphop superstar drakeas loud presence sideline toronto raptors game constant storyline two thousand and nineteen nba playoffs look like tonight heas stick far away action drake forget buy courtside ticket game five try act like heas friends raptors way nosebleedswoofdonat leave hangina fellas athe scene get pathetic drake try reignite beef warriors players stand chair futilely attempt get adraymond stink chant go five cringeworthy minutes straight stadium attendant finally come ask sit downdamn look like itas drakeas nightwhile itad probably best drake accept heas far away court pal around warriors tonight enjoy rest game silence look like heas completely unwilling accept nosebleeds experience
1,recent years itas become increasingly common brand put vintage label products hop capitalize consumer nostalgia look like popular overthecounter antacid aim cash trend throwback package tums release commemorative 200th anniversary tums bottle assumption itas probably two hundred years tums nowsweet
1,kennedy remain one shock days unite state history first time fifty-five years incredible artifact devastate event put display beautiful velvet ribbon make john fthe ribbon famously remain snug around president kennedyas neck birth moment untie fateful november day even reshape bow match circumference jfkas neck demonstrate wear always suppose remain advertisementamericans never forget hear terrible tragedy befall john famay please untie ribbon john turn away herand smithsonian visitors finally chance see infamous ribbon close advertisementthe exhibit also include nowiconic photo jackie frantically attempt climb car chase head across street shead accidentally bump road well heartbreaking broadcast cbs news anchor walter cronkite narrate first ladyas fail attempt bring jfk back life put head back onto body retying ribbon around neckwow itas incredible think course world would alter jackie simply accept ribbon jfkas ribbon ribbon alone shead understand even loveaeven marriageasome things must remain secret undisturbed advertisementif youare interest see velvet ribbon definitely plan trip dc asap glimpse piece one heartbreaking events american history
1,though islamic state lose great deal territory past year methods attract new members get insidious one aggressive recruitment tactics ever isis begin offer new members free canvas tote bag join yearthis absolutely chill
1,recent months trump administration continue apply pressure already contentious relationship us china presidentas latest maneuver may backfire major way president trumpas new ponytail currently stick white house fax machine try fax image xi jinping make jealouswow trouble situation serious implications national securityadvertisementearlier week president trump debut dry stringy new ponytail immediately begin use taunt foreign adversaries ponytail catch deep fax machine seem hubris make things worse
1,prepare mind blow medical procedure stuff science fiction finally become science fact mit scientists successfully swap brain man almondthis incredible milestone medical science four hundred and thirty-eight morning team neuroscientists massachusetts institute technology emerge operate room twenty-two grueling hours nonstop surgery announce successfully replace manas brain single dryroasted almond first time history
1,us state department hop president trump convince queen elizabeth stop develop nuclear weapons atticthis meet critical opportunity trump queen elizabeth diplomatically resolve major threat global peaceadvertisementfor past three decades queen elizabeth frequently condemn international community tinker away night day attic develop nuclear weapons royal family could launch buckingham palace lawn
1,also rare occasion universe send us message unmistakably clear canat ignore hereas story one instance instagram post announce coupleas engagement sixteen like one spam commentyikesthis crystalclear sign probably call whole thing offadvertisementalthough itas nearly twenty-four hours since nashville resident rachel yorkman post smile selfie boyfriend derek czapliki announce engagement post rack fewer like blurry sunset photo post day make pretty damn obvious relationship isnat mean
1,ask us person planet intimately familiar auntie anneas app web developer create itin order get free pretzel via pretzel perk app customers spend twenty-five auntie anneasawhich make disturb jack use discount enough justify keep pretzel perk front page phone right next weather app
1,aalright twenty minutes get go lunch would someone like come read page twenty-seven usamaybe someone back classroom say fabacher take way long give instructions refuse call single student raise hand instead choose boy name tommy know would reliably mispronounce word one syllable
1,aafter learn whistleblower cia figure would pretty quick narrow identity among people moral compass look realize canat think anybody one say stephen miller add aid clear everyone link intelligence community know knowledge trumpas ukraine conversations due fact unethical blackhearted care presidential misconduct
1,itas deeply reckless ukraine push us towards investigate criminal behavior especially close election year hope resolution put end thata press time pelosi express satisfaction bill approve receive widespread republican support
1,open gate sprint take huge shit right fielda press time hottovy attempt console whimper craig kimbrel spend entire game curl corner bullpenadvertisement
1,may two thousand and sixteen employment minister vote leave campaigner say auncontrolled immigration eu lead tougher control migrants rest worldby vote leave take back control immigration policies save curry house join rest worlda fact restrictions curry chefs bring conservatives two thousand and eleven quite lose acontrola immigration policies go two thousand and eleven two thousand and sixteen explainedthis hopefully er curry favour disgruntle restaurant boss two thousand and seventeen year brexit vote say felt abetrayeda minister still hadnat do anythingback immigration minister robert goodwill suggest staff shortage could deal train curry chefs britain
1,"week last eye outline murky taxdodging businessscrewing oligarchschmoozing record recently promote tory party cotreasurer ehud audia sheleg government announce knighthood mayas part gift nationresignation honour carry little explanation higher gong know udias k reward apolitical public serviceaeven ennoble last week peeragechasing ranger already make house lord history apply apeopleas peera two thousand and seven two thousand and ten try new tack two thousand and thirteen sue house lord appointments commission didnat select yet oddly stalwart supporters mayas deal seem find resignation honour anywayjohn mann one three labour mps loyally vote mayas deal three time lord mann troubleon conservative bench summeras shortlived chairman one thousand, nine hundred and twenty-two committee charles walker represent backbenchers furious mayas deal yet thrice vote deal doubt surprise everyone else find knight commander baththen course honour loyal armtwisters much flog dead horse mayas premiership kcb de facto deputy david lidington cbe chief whip julian lewis companion honour alreadyknighted conservative party chairman sir patrick mcloughlin cbe successor chairman brandon lewis senior knighthood kindly call god mayas parliamentary private secretary george hollingberyall loyally vote mayas deal every timein weeks may leave down street government careful avoid answer question whether house minister question caution meet police inquiry fatal two thousand and seventeen grenfell tower firebarwellas gong like cbe fellow former house minister brandon lewis see come another devastate fire destroy fourstorey block flats southwest london month raise fresh question timberframed build follow similar disaster care home crewe last monthcompanion honour sir patrick mcloughlinas gong see manage fly face mayas keynote vision aa truly meritocratic britain put interest ordinary work class people firsta set speech long enter down streetjimmy give near hereditary honour mayas aspecial adviser business relationsa two thousand and sixteen 2019aiam clear mind think people england itas true newly knight geoffrey boycott tell radio four today programmeas martha kearney assure couldnat agive toss lovea express concern one thousand, nine hundred and ninety-eight conviction domestic violencehow ordinary people expect understand itas doubledutch like ordinary longer sir geoffrey behind thousands positive strikingly consistent message female fan appear post boris johnsonas facebook page"
1,nuffield trust charity calculate create new supply rout large amount new paperwork regulatory hurdle deal brexit would create import would cost around a23bn year across ukhigher cost would risk shortages generic medicine even supply chain remain unbroken national audit office report happen relation price pressure 2017dhsc department health social care develop multilayered approach mitigate risksaawhat level mortality will accept deal brexit ask mp leader commons jacob reesmogg lbc radioreesmogg unimpressed ai donat think thereas reason suppose deal brexit lead increase mortality ratereesmogg insist areserve plan fly drug necessarya think itas deeply irresponsible call try spread fear across countrythe vicious smear whistleblowing doctor common nhs try take government expect whole new level brexit bile
